{"auc_roc": [0.817651169482468], "auc_pr": [0.3825646241593432]}