{"macro": [0.7168857789776644], "micro": [0.778037908095214]}